edge,includes,includedby,sum
OggVorbisSoundStream.cpp,0,4,4
Sound.h,5,2,7
Sound.cpp,0,10,10
OggVorbisSoundStream.h,2,2,4
SoundSource3D.cpp,0,8,8
SoundListener.h,3,1,4
Audio.cpp,0,11,11
DebugNew.h,5,0,5
Audio.h,3,5,8
SoundSource.cpp,0,12,12
SoundSource.h,2,2,4
AudioDefs.h,2,1,3
Profiler.h,2,0,2
AudioEvents.h,1,1,2
Object.h,2,0,2
Log.h,3,0,3
SoundStream.h,4,1,5
RefCounted.h,1,0,1
ResourceCache.h,2,0,2
SoundListener.cpp,0,3,3
Precompiled.h,8,0,8
SoundStream.cpp,0,2,2
CoreEvents.h,1,0,1
Component.h,2,0,2
DebugRenderer.h,1,0,1
BufferedSoundStream.cpp,0,3,3
Context.h,5,0,5
SoundSource3D.h,2,1,3
FileSystem.h,1,0,1
ArrayPtr.h,4,0,4
Resource.h,1,0,1
HashSet.h,1,0,1
BufferedSoundStream.h,1,5,6
List.h,1,0,1
Str.h,1,0,1
ReplicationState.h,1,0,1
XMLFile.h,1,0,1
Mutex.h,2,0,2
Node.h,2,0,2
Pair.h,1,0,1
ProcessUtils.h,1,0,1
