edge,includes,includedby,sum
SoundSource3D.cpp,0,8,8
SoundListener.h,3,1,4
BufferedSoundStream.h,1,5,6
List.h,1,0,1
OggVorbisSoundStream.cpp,0,4,4
Sound.h,5,2,7
Sound.cpp,0,10,10
DebugNew.h,5,0,5
Audio.h,3,5,8
Mutex.h,2,0,2
Audio.cpp,0,11,11
Context.h,5,0,5
SoundSource.cpp,0,12,12
SoundSource.h,2,2,4
Pair.h,1,0,1
AudioDefs.h,2,1,3
Str.h,1,0,1
SoundStream.h,4,1,5
ResourceCache.h,2,0,2
OggVorbisSoundStream.h,2,2,4
ArrayPtr.h,4,0,4
BufferedSoundStream.cpp,0,3,3
Precompiled.h,8,0,8
SoundListener.cpp,0,3,3
Resource.h,1,0,1
Node.h,2,0,2
XMLFile.h,1,0,1
Log.h,3,0,3
Profiler.h,2,0,2
AudioEvents.h,1,1,2
SoundStream.cpp,0,2,2
SoundSource3D.h,2,1,3
CoreEvents.h,1,0,1
ReplicationState.h,1,0,1
Component.h,2,0,2
DebugRenderer.h,1,0,1
RefCounted.h,1,0,1
Object.h,2,0,2
ProcessUtils.h,1,0,1
HashSet.h,1,0,1
FileSystem.h,1,0,1
